"ref_align","read_align","freq_mean","freq_Sense_R1_1","freq_Sense_R1_2","freq_Sense_R1_3","freq_Sense_R1_4","count_Sense_R1_1","count_Sense_R1_2","count_Sense_R1_3","count_Sense_R1_4"
"GACTCCTCCC-GACGGCTGCT","GACTCCTCCCTGACGGCTGCT",0.2544166666666651,0.2329999999999986,0.2676666666666655,0.2593333333333319,0.25766666666666493,699,803,778,773
"GACTCCTCCCGACGGCTGCT","GACTCCTCCCGACGGCTGCT",0.052249999999999464,0.044999999999999596,0.0553333333333327,0.0509999999999996,0.057666666666666,135,166,153,173
"GACTCCTCCCGACGGCTGCT","GACTCCTCC-GACGGCTGCT",0.009250000000000001,0.0109999999999999,0.0106666666666666,0.007666666666666501,0.0076666666666666,33,32,23,23
"GACTCCTCCCGACGGCTGCT","GACTCCTCC---CGGCTGCT",0.008249999999999934,0.0093333333333332,0.0076666666666666,0.0096666666666666,0.0063333333333332005,28,23,29,19
"GACTCCTCCCGACGGCTGCT","GACTCCTCCC-ACGGCTGCT",0.007083333333333333,0.010666666666666401,0.0033333333333333,0.0086666666666664,0.0056666666666665005,32,10,26,17
"GACTCCTCCCGACGGCTGCT","GACTCCTCCC--CGGCTGCT",0.0061666666666665,0.0053333333333333,0.0059999999999999,0.0066666666666664,0.0066666666666665006,16,18,20,20
"GACTCCTCCCGACGGCTGCT","GACTCCTCCCTACGGCTGCT",0.005749999999999866,0.0059999999999999,0.0056666666666666,0.0053333333333332004,0.0059999999999999,18,17,16,18
"GACTCCTCCCGACGGCTGCT","GACTCCTCCC-TCGGCTGCT",0.0037499999999999,0.0036666666666666002,0.0029999999999999003,0.0046666666666665,0.0036666666666666,11,9,14,11
"GACTCCTCCC--GACGGCTGCT","GACTCCTCCCTTGACGGCTGCT",0.0034999999999999333,0.0033333333333333,0.0036666666666666002,0.0036666666666666002,0.0033333333333333,10,11,11,10
"GACTCCTCCCGACGGCTGCT","GACTCCTCC------CTGCT",0.0031666666666665,0.0036666666666666,0.0036666666666666002,0.0026666666666666,0.0026666666666666,11,11,8,8
"GACTCCTCCCGACGGCTGCT","GACTCCTC--GACGGCTGCT",0.003083333333333267,0.0016666666666666,0.0033333333333331995,0.0033333333333333,0.0039999999999999,5,10,10,12
"GACTCCTCCCGACGGCTGCT","GACTCCTC----CGGCTGCT",0.0030833333333332,0.0023333333333333,0.0029999999999999,0.0036666666666666002,0.0033333333333331995,7,9,11,10
"GACTCCTCCCGACGGCTGCT","GACTCCTCC--ACGGCTGCT",0.0028333333333332668,0.0023333333333333,0.0029999999999999,0.0019999999999999,0.0039999999999999,7,9,6,12
"GACTCCTCCC-GACGGCTGCT","GACTCCTCCCAGACGGCTGCT",0.00275,0.0033333333333333,0.0023333333333333,0.0026666666666666,0.0026666666666666,10,7,8,8
"GACTCCTCCC--GACGGCTGCT","GACTCCTCCCTAGACGGCTGCT",0.0024999999999999667,0.0016666666666666,0.0036666666666666,0.0023333333333333,0.0023333333333332,5,11,7,7
"GACTCCTCCCGACGGCTGCT","------------CGGCTGCT",0.0024166666666666664,0.0023333333333333,0.0033333333333333,0.001,0.0029999999999999003,7,10,3,9
"GACTCCTCCCGACGGCTGCT","GACTCC----GACGGCTGCT",0.00225,0.0013333333333333,0.002,0.0013333333333332,0.0043333333333332,4,6,4,13
"GACTCCTCCCGACGGCTGCT","GACTCCTCCC--TGGCTGCT",0.0022499999999998333,0.0006666666666666,0.0023333333333332,0.003,0.0029999999999999,2,7,9,9
"GACTCCTCCC--GACGGCTGCT","GACTCCTCCCTGGACGGCTGCT",0.0020833333333333,0.003,0.0016666666666666,0.0016666666666666,0.002,9,5,5,6
"GACTCCTCCCGACGGCTGCT","-------------GGCTGCT",0.002083333333333233,0.0033333333333331995,0.0016666666666665998,0.0013333333333333,0.002,10,5,4,6
"GACTCCTCCCGACGGCTGCT","GACTCCTC-------CTGCT",0.0019999999999999666,0.0023333333333333,0.0019999999999999,0.0033333333333332,0.0003333333333333,7,6,10,1
"GACTCCTCCCGACGGCTGCT","GACTCCTCCC-----CTGCT",0.0019999999999999,0.0023333333333333,0.0029999999999999,0.0013333333333333001,0.0013333333333333,7,9,4,4
"GACTCCTCCCGACGGCTGCT","----------------TGCT",0.0019166666666665666,0.0016666666666666,0.0023333333333332,0.0023333333333333,0.0013333333333333001,5,7,7,4
"GACTCCTCCCGACGGCTGCT","GACTCCTCC---------CT",0.0017499999999999332,0.001,0.0019999999999999,0.0016666666666665998,0.0023333333333332,3,6,5,7
"GACTCCTCCCGACGGCTGCT","GACTCCT---GACGGCTGCT",0.0015833333333332667,0.0013333333333333,0.0006666666666666,0.0029999999999999,0.0013333333333333,4,2,9,4
"GACTCCTCCCGACGGCTGCT","GACTCCTCCC-----TTGCT",0.0014999999999999332,0.0016666666666666,0.0013333333333333001,0.001,0.002,5,4,3,6
"GACTCCTCCC-GACGGCTGCT","TACTCCTCCCTGACGGCTGCT",0.0014166666666666668,0.0009999999999998998,0.0016666666666665998,0.0023333333333332,0.0006666666666666,3,5,7,2
"GACTCCTCCCGACGGCTGCT","GACTCCT-----CGGCTGCT",0.0010833333333332667,0.0009999999999998998,0.0013333333333333,0.0009999999999998998,0.001,3,4,3,3
"GACTCCTCCCGACGGCTGCT","-----------------GCT",0.001,0.0003333333333333,0.0013333333333333,0.001,0.0013333333333333,1,4,3,4
"GACTCCTCCCGACGGCTGCT","GACTC-------CGGCTGCT",0.0009999999999999332,0.001,0.0016666666666666,0.0009999999999998998,0.0003333333333333,3,5,3,1
"GACTCCTCCCGACGGCTGCT","GACTCC------CGGCTGCT",0.0008333333333332666,0.0009999999999998998,0.0006666666666666,0.0016666666666665998,0.0,3,2,5,0
"GACTCCTCCCGACGGCTGCT","GACTCCTCCC----------",0.0007499999999999333,0.0003333333333333,0.0006666666666666,0.0006666666666666,0.0013333333333333,1,2,2,4
"GACTCCTCCCGACGGCTGCT","GACTCCTCCC----TCTGCT",0.0006666666666666666,0.0,0.0006666666666666,0.0013333333333332,0.0006666666666666,0,2,4,2
"GACTCCTCCCGACGGCTGCT","GACTCCT------GGCTGCT",0.0006666666666666666,0.0009999999999998998,0.0003333333333333,0.0013333333333333001,0.0,3,1,4,0
"GACTCCTCCC-GACGGCTGCT","GACTCCTCCCTGACGGCTTCT",0.0006666666666666,0.0006666666666666,0.0,0.0013333333333333001,0.0006666666666666,2,0,4,2
"GACTCCTCCCGACGGCTGCT","GACTCCT----ACGGCTGCT",0.0006666666666666,0.0009999999999998998,0.0003333333333333,0.0003333333333333,0.0009999999999998998,3,1,1,3
"GACTCCTCCCGACGGCTGCT","GACTC----------CTGCT",0.0005833333333333334,0.0009999999999998998,0.0006666666666666,0.0006666666666666,0.0,3,2,2,0
"GACTCCTCCCGACGGCTGCT","GAC-------GACGGCTGCT",0.0005833333333333,0.0,0.0003333333333333,0.0009999999999998998,0.0009999999999998998,0,1,3,3
"GACTCCTCCCGACGGCTGCT","GACTCCTCCC-------GCT",0.0005833333333332667,0.001,0.0009999999999998998,0.0003333333333333,0.0,3,3,1,0
"GACTCCTCCCGACGGCTGCT","GACTCCTC---ACGGCTGCT",0.0005833333333332667,0.0003333333333333,0.001,0.0006666666666666,0.0003333333333333,1,3,2,1
"GACTCCTCCCGACGGCTGCT","GACTCCTCC---CTGCTGCT",0.0005,0.0,0.0013333333333333,0.0003333333333333,0.0003333333333333,0,4,1,1
"GACTCCTCCC--GACGGCTGCT","GACTCCTCCCGAGACGGCTGCT",0.0005,0.001,0.0006666666666666,0.0,0.0003333333333333,3,2,0,1
"GACTCCTCCC-GACGGCTGCT","GACTCCTCCCCGACGGCTGCT",0.0005,0.0003333333333333,0.0006666666666666,0.0006666666666666,0.0003333333333333,1,2,2,1
"GACTCCTCCC-GACGGCTGCT","GACTCTTCCCTGACGGCTGCT",0.0004999999999999666,0.0003333333333333,0.0003333333333333,0.0009999999999998998,0.0003333333333333,1,1,3,1
"GACTCCTCCC-GACGGCTGCT","GACTCCTCCCTCACGGCTGCT",0.0004999999999999333,0.0006666666666666,0.0003333333333333,0.0006666666666666,0.0003333333333333,2,1,2,1
"GACTCCTCCC--GACGGCTGCT","GACTCCTCCCTCGACGGCTGCT",0.0004999999999999333,0.0003333333333333,0.0006666666666666,0.0009999999999998998,0.0,1,2,3,0
"GACTCCTCCCGACGGCTGCT","GACTC-----GACGGCTGCT",0.0004999999999999333,0.0013333333333333001,0.0003333333333333,0.0,0.0003333333333333,4,1,0,1
"GACTCCTCCC-GACGGCTGCT","CACTCCTCCCTGACGGCTGCT",0.0004999999999999333,0.0003333333333333,0.0006666666666666,0.0,0.0009999999999998998,1,2,0,3
"GACTCCTCCCGACGGCTGCT","GACTCCTCCC----GCTGCT",0.0004166666666666333,0.0009999999999998998,0.0006666666666666,0.0,0.0,3,2,0,0
"GACTCCTCCC-GACGGCTGCT","GACTCCTCCCTTACGGCTGCT",0.0004166666666666333,0.0006666666666666,0.0003333333333333,0.0003333333333333,0.0003333333333333,2,1,1,1
"GACTCCTCCCGACGGCTGCT","GACTCCTCCC--------CT",0.0004166666666666333,0.0003333333333333,0.0003333333333333,0.0,0.0009999999999998998,1,1,0,3
"GACTCCTCCC-GACGGCTGCT","GACCCCTCCCTGACGGCTGCT",0.0004166666666666333,0.0006666666666666,0.0,0.0006666666666666,0.0003333333333333,2,0,2,1
"GACTCCTCCCGACGGCTGCT","GACTCC-----ACGGCTGCT",0.0004166666666666333,0.0006666666666666,0.0003333333333333,0.0006666666666666,0.0,2,1,2,0
"GACTCCTCCC-GACGGCTGCT","GACTCATCCCTGACGGCTGCT",0.0004166666666666,0.0003333333333333,0.0003333333333333,0.0003333333333333,0.0006666666666666,1,1,1,2
"GACTCCTCCC-GACGGCTGCT","GACTCCTCCCTGACGGCTGCC",0.0003333333333333333,0.0,0.0003333333333333,0.0,0.0009999999999998998,0,1,0,3
"GACTCCTCCC-GACGGCTGCT","GACTCCTCCCTGACGCCTGCT",0.0003333333333333333,0.0,0.0003333333333333,0.0003333333333333,0.0006666666666666,0,1,1,2
"GACTCCTCCCGACGGCTGCT","GAC---------CGGCTGCT",0.0003333333333333,0.0,0.0006666666666666,0.0003333333333333,0.0003333333333333,0,2,1,1
"GACTCCTCCCGACGGCTGCT","GACTCCT--------CTGCT",0.0003333333333333,0.0003333333333333,0.0,0.0003333333333333,0.0006666666666666,1,0,1,2
"GACTCCTCCCGACGGCTGCT","G---------------TGCT",0.0003333333333333,0.0,0.0,0.0006666666666666,0.0006666666666666,0,0,2,2
"GACTCCTCCCGACGGCTGCT","GA--------GACGGCTGCT",0.0003333333333333,0.0003333333333333,0.0,0.0006666666666666,0.0003333333333333,1,0,2,1
"GACTCCTCCCGACGGCTGCT","GACTCCT---------TGCT",0.0003333333333333,0.0,0.0003333333333333,0.0,0.001,0,1,0,3
"GACTCCTCCCGACGGCTGCT","----------GACGGCTGCT",0.0003333333333333,0.0003333333333333,0.0,0.0006666666666666,0.0003333333333333,1,0,2,1
"GACTCCTCCCGACGGCTGCT","TACTCCTCCCGACGGCTGCT",0.0003333333333332667,0.0,0.0003333333333333,0.0009999999999998998,0.0,0,1,3,0
"GACTCCTCCC-GACGGCTGCT","GACTCCTCCCTGCCGGCTGCT",0.0003333333333332667,0.0006666666666666,0.0,0.0,0.0006666666666666,2,0,0,2
"GACTCCTCCCGACGGCTGCT","GACTCCTC----------CT",0.0003333333333332667,0.0003333333333333,0.0003333333333333,0.0,0.0006666666666666,1,1,0,2
"GACTCCTCCCGACGGCTGCT","GACT--------CGGCTGCT",0.00025,0.0,0.0,0.001,0.0,0,0,3,0
"GACTCCTCCC-GACGGCTGCT","GACTCGTCCCTGACGGCTGCT",0.00025,0.0,0.0003333333333333,0.0006666666666666,0.0,0,1,2,0
"GACTCCTCCCGACGGCTGCT","GACT--------------CT",0.00025,0.0,0.0003333333333333,0.0006666666666666,0.0,0,1,2,0
"GACTCCTCCC-GACGGCTGCT","GACTCCTCCCTGACTGCTGCT",0.00025,0.0003333333333333,0.0,0.0003333333333333,0.0003333333333333,1,0,1,1
"GACTCCTCCC-GACGGCTGCT","GACTCCTCCCTGAAGGCTGCT",0.00025,0.0003333333333333,0.0,0.0,0.0006666666666666,1,0,0,2
"GACTCCTCCC-GACGGCTGCT","GACTCCTCCCGGACGGCTGCT",0.00025,0.0006666666666666,0.0003333333333333,0.0,0.0,2,1,0,0
"GACTCCTCCCGACGGCTGCT","GACT------GACGGCTGCT",0.00025,0.0,0.0006666666666666,0.0003333333333333,0.0,0,2,1,0
"GACTCCTCCC-----GACGGCTGCT","GACTCCTCCCGACGAGACGGCTGCT",0.00025,0.0006666666666666,0.0,0.0003333333333333,0.0,2,0,1,0
"GACTCCTCCCGACGGCTGCT","GA-------------CTGCT",0.00025,0.0006666666666666,0.0,0.0003333333333333,0.0,2,0,1,0
"GACTCCTCCCGACGGCTGCT","GACTC------ACGGCTGCT",0.00025,0.0,0.0003333333333333,0.0,0.0006666666666666,0,1,0,2
"GACTCCTCCCGACGGCTGCT","GACTCCTCCCAACGGCTGCT",0.00025,0.0,0.0,0.0003333333333333,0.0006666666666666,0,0,1,2
"GACTCCTCCC--GACGGCTGCT","GACTCCTCCCCAGACGGCTGCT",0.00025,0.0003333333333333,0.0,0.0,0.0006666666666666,1,0,0,2
"GACTCCTCCCGACGGCTGCT","GACTCC-----------GCT",0.00025,0.0003333333333333,0.0,0.0003333333333333,0.0003333333333333,1,0,1,1
"GACTCCTCCCGACGGCTGCT","GACTCC---------CTGCT",0.00025,0.0,0.0003333333333333,0.0,0.0006666666666666,0,1,0,2
"GACTCCTCCCGACGGCTGCT","G----------------GCT",0.00025,0.0003333333333333,0.0003333333333333,0.0003333333333333,0.0,1,1,1,0
"GACTCCTCCC-GACGGCTGCT","GCCTCCTCCCTGACGGCTGCT",0.0002499999999999333,0.0,0.0,0.0006666666666666,0.0003333333333333,0,0,2,1
"GACTCCTCCCGACGGCTGCT","GACTCCTCC-----GCTGCT",0.0002499999999999333,0.0003333333333333,0.0003333333333333,0.0,0.0003333333333333,1,1,0,1
"GACTCCTCCC-----GACGGCTGCT","GACTCCTCCCTGGAAGACGGCTGCT",0.0002499999999999333,0.0,0.0,0.0003333333333333,0.0006666666666666,0,0,1,2
"GACTCCTCCCGACGGCTGCT","GACTCC--------------",0.0002499999999999333,0.0006666666666666,0.0,0.0,0.0003333333333333,2,0,0,1
"GACTCCTCCCGACGGCTGCT","GA-----------GGCTGCT",0.0002499999999999333,0.0,0.0006666666666666,0.0003333333333333,0.0,0,2,1,0
"GACTCCTCCCGACGGCTGCT","GACTCCTCCCGAAGGCTGCT",0.00016666666666666666,0.0003333333333333,0.0003333333333333,0.0,0.0,1,1,0,0
"GACTCCTCCC-GACGGCTGCT","GACTCCTCCCTGACCGCTGCT",0.00016666666666666666,0.0,0.0003333333333333,0.0003333333333333,0.0,0,1,1,0
"GACTCCTCCCGACGGCTGCT","GACTCATCCCGACGGCTGCT",0.00016666666666666666,0.0,0.0,0.0003333333333333,0.0003333333333333,0,0,1,1
"GACTCCTCCC-GACGGCTGCT","GACTCCTCCCTGACGGCCGCT",0.00016666666666666666,0.0003333333333333,0.0,0.0003333333333333,0.0,1,0,1,0
"GACTCCTCCCGACGGCTGCT","GACTCCT-----------CT",0.00016666666666666666,0.0,0.0,0.0003333333333333,0.0003333333333333,0,0,1,1
"GACTCCTCCCGACGGCTGCT","CACTCCTCCCGACGGCTGCT",0.00016666666666666666,0.0,0.0,0.0,0.0006666666666666,0,0,0,2
"GACTCCTCCCGACGGCTGCT","G-----------CGGCTGCT",0.00016666666666666666,0.0,0.0,0.0003333333333333,0.0003333333333333,0,0,1,1
"GACTCCTCCC-GACGGCTGCT","GACTCCTCCCTGACGGCTCCT",0.00016666666666666666,0.0,0.0003333333333333,0.0,0.0003333333333333,0,1,0,1
"GACTCCTCCCGACGGCTGCT","GACTCCTC----CGGGTGCT",0.00016666666666666666,0.0,0.0,0.0003333333333333,0.0003333333333333,0,0,1,1
"GACTCCTCCC-GACGGCTGCT","GACTACTCCCTGACGGCTGCT",0.00016666666666666666,0.0003333333333333,0.0,0.0,0.0003333333333333,1,0,0,1
"GACTCCTCCCGACGGCTGCT","GACTCCTCCCGACGGCTACT",0.00016666666666666666,0.0003333333333333,0.0,0.0003333333333333,0.0,1,0,1,0
"GACTCCTCCC-GACGGCTGCT","GACTCCTCCCTGTCGGCTGCT",0.00016666666666666666,0.0,0.0,0.0003333333333333,0.0003333333333333,0,0,1,1
"GACTCCTCCC-GACGGCTGCT","GACTCCTTCCTGACGGCTGCT",0.00016666666666666666,0.0003333333333333,0.0,0.0003333333333333,0.0,1,0,1,0
"GACTCCTCCC--GACGGCTGCT","GACTCCTCCCATGACGGCTGCT",0.0001666666666666,0.0,0.0003333333333333,0.0,0.0003333333333333,0,1,0,1
"GACTCCTCCCGACGGCTGCT","GACTCCTCCC--------CG",0.0001666666666666,0.0,0.0003333333333333,0.0003333333333333,0.0,0,1,1,0
"GACTCCTCCCGACGGCTGCT","GA----------------CT",0.0001666666666666,0.0006666666666666,0.0,0.0,0.0,2,0,0,0
"GACTCCTCCCGACGGCTGCT","GACTCCTCCCTGCGGCTGCT",0.0001666666666666,0.0006666666666666,0.0,0.0,0.0,2,0,0,0
"GACTCCTCCC-GACGGCTGCT","GACTCCTCCCTGACGGATGCT",0.0001666666666666,0.0,0.0003333333333333,0.0003333333333333,0.0,0,1,1,0
"GACTCCTCCCGACGGCTGCT","GACTCCTCT-GACGGCTGCT",0.0001666666666666,0.0006666666666666,0.0,0.0,0.0,2,0,0,0
"GACTCCTCCC-----GACGGCTGCT","GACTCCTCCCTTTTAGACGGCTGCT",0.0001666666666666,0.0,0.0006666666666666,0.0,0.0,0,2,0,0
"GACTCCTCCCGACGGCTGCT","G------------GGCTGCT",0.0001666666666666,0.0003333333333333,0.0,0.0003333333333333,0.0,1,0,1,0
"GACTCCTCCCGACGGCTGCT","GA--------------TGCT",0.0001666666666666,0.0,0.0003333333333333,0.0003333333333333,0.0,0,1,1,0
"GACTCCTCCCGACGGCTGCT","GA---------------GCT",0.0001666666666666,0.0003333333333333,0.0,0.0003333333333333,0.0,1,0,1,0
"GACTCCTCCCGACGGCTGCT","TACTCCTCC-TACGGCTGCT",8.333333333333333e-05,0.0003333333333333,0.0,0.0,0.0,1,0,0,0
"GACTCCTCCCGACGGCTGCT","GACTCCTCC-GAAGGCTGCT",8.333333333333333e-05,0.0,0.0,0.0,0.0003333333333333,0,0,0,1
"GACTCCTCCCGACGGCTGCT","G------------GGCTGTT",8.333333333333333e-05,0.0,0.0,0.0,0.0003333333333333,0,0,0,1
"GACTCCTCCC-GACGGCTGCT","GACTCCTCCTTGACGGCTGCT",8.333333333333333e-05,0.0003333333333333,0.0,0.0,0.0,1,0,0,0
"GACTCCTCCCGACGGCTGCT","GACTCCTCCC----TTTGCT",8.333333333333333e-05,0.0,0.0003333333333333,0.0,0.0,0,1,0,0
"GACTCCTCCCGACGGCTGCT","GACTCCTCC-GACCGCTGCT",8.333333333333333e-05,0.0,0.0,0.0003333333333333,0.0,0,0,1,0
"GACTCCTCCCGACGGCTGCT","GACTCCTCC-GACGGCCGCT",8.333333333333333e-05,0.0,0.0,0.0003333333333333,0.0,0,0,1,0
"GACTCCTCCCGACGGCTGCT","GACTCCTCC-GACGGCTGAT",8.333333333333333e-05,0.0,0.0,0.0003333333333333,0.0,0,0,1,0
"GACTCCTCCCGACGGCTGCT","TACTCCTCC-GACGGCTGCT",8.333333333333333e-05,0.0,0.0,0.0,0.0003333333333333,0,0,0,1
"GACTCCTCCC-GACGGCTGCT","TACTCCTCCCTGACGGCGGCT",8.333333333333333e-05,0.0,0.0,0.0003333333333333,0.0,0,0,1,0
"GACTCCTCCC-GACGGCTGCT","TACTCCTCCCTGCCGGCTGCT",8.333333333333333e-05,0.0,0.0003333333333333,0.0,0.0,0,1,0,0
"GACTCCTCCCGACGGCTGCT","GACTCCTC-------CTTCT",8.333333333333333e-05,0.0,0.0,0.0003333333333333,0.0,0,0,1,0
"GACTCCTCCC-GACGGCTGCT","GTCTCCTCCCTGACGGCTGCT",8.333333333333333e-05,0.0,0.0003333333333333,0.0,0.0,0,1,0,0
"GACTCCTCCC-GACGGCTGCT","TACTCCTCCCGGACGTCTGCT",8.333333333333333e-05,0.0,0.0003333333333333,0.0,0.0,0,1,0,0
"GACTCCTCCCGACGGCTGCT","GACTCCTCC--TCGGCTGCT",8.333333333333333e-05,0.0,0.0003333333333333,0.0,0.0,0,1,0,0
"GACTCCTCCCGACGGCTGCT","TACCCCTCCCGACGGCTGCT",8.333333333333333e-05,0.0,0.0,0.0,0.0003333333333333,0,0,0,1
"GACTCCTCCC-GACGGCTGCT","TACCCCTCCCTCACGGCTGCT",8.333333333333333e-05,0.0,0.0,0.0,0.0003333333333333,0,0,0,1
"GACTCCTCCCGACGGCTGCT","GACTCCTCC--------GCT",8.333333333333333e-05,0.0,0.0,0.0,0.0003333333333333,0,0,0,1
"GACTCCTCCC-GACGGCTGCT","TACGCCTCCCTGACGGCTGCT",8.333333333333333e-05,0.0,0.0,0.0003333333333333,0.0,0,0,1,0
"GACTCCTCCCGACGGCTGCT","TACTCCTCC--ACGGCTGCT",8.333333333333333e-05,0.0,0.0003333333333333,0.0,0.0,0,1,0,0
"GACTCCTCCCGACGGCTGCT","GACTCCTCC-GTCGGCTGCT",8.333333333333333e-05,0.0,0.0,0.0,0.0003333333333333,0,0,0,1
"GACTCCTCCC-GACGGCTGCT","GACTCTTCCCTGTCGGCTGCT",8.333333333333333e-05,0.0,0.0003333333333333,0.0,0.0,0,1,0,0
"GACTCCTCCCGACGGCTGCT","GGATACTCCC----TCTGCT",8.333333333333333e-05,0.0,0.0,0.0,0.0003333333333333,0,0,0,1
"GACTCCTCCCGACGGCTGCT","GACTCCTCC------TTGCT",8.333333333333333e-05,0.0,0.0,0.0003333333333333,0.0,0,0,1,0
"GACTCCTCCC----GACGGCTGCT","GACTCCTCCTTTTTGACGGCTGCT",8.333333333333333e-05,0.0,0.0003333333333333,0.0,0.0,0,1,0,0
"GACTCCTCCC-GACGGCTGCT","GACTCTTCCCTAACGGCTGCT",8.333333333333333e-05,0.0003333333333333,0.0,0.0,0.0,1,0,0,0
"GACTCCTCCCGACGGCTGCT","GACTCTTCC--ACGGCTGCT",8.333333333333333e-05,0.0003333333333333,0.0,0.0,0.0,1,0,0,0
"GACTCCTCCCGACGGCTGCT","GACTGCTCC---------CT",8.333333333333333e-05,0.0,0.0003333333333333,0.0,0.0,0,1,0,0
"GACTCCTCCC-GACGGCTGCT","GACTTCTCCCTGACGGCTGCT",8.333333333333333e-05,0.0,0.0,0.0003333333333333,0.0,0,0,1,0
"GACTCCTCCC------GACGGCTGCT","GACTCCTCCCTTTCATTACGGCTGTT",8.333333333333333e-05,0.0,0.0,0.0,0.0003333333333333,0,0,0,1
"GACTCCTCCC--------GACGGCTGCT","GACTCGTCCCGACGTCTCGACGGCTGCT",8.333333333333333e-05,0.0,0.0003333333333333,0.0,0.0,0,1,0,0
"GACTCCTCCC-GACGGCTGCT","GACTTTTCCCTGACGGCTGCT",8.333333333333333e-05,0.0,0.0,0.0003333333333333,0.0,0,0,1,0
"GACTCCTCCCGACGGCTGCT","GACT--------CGGCTGCG",8.333333333333333e-05,0.0,0.0,0.0003333333333333,0.0,0,0,1,0
"GACTCCTCCCGACGGCTGCT","GAGACCTCCC-----CTGCT",8.333333333333333e-05,0.0,0.0003333333333333,0.0,0.0,0,1,0,0
"GACTCCTCCCGACGGCTGCT","GACTCCT---TACGGCTGCT",8.333333333333333e-05,0.0,0.0,0.0003333333333333,0.0,0,0,1,0
"GACTCCTCCCGACGGCTGCT","GACTCCT------------T",8.333333333333333e-05,0.0,0.0,0.0,0.0003333333333333,0,0,0,1
"GACTCCTCCCGACGGCTGCT","GAGTCCTCC---------CT",8.333333333333333e-05,0.0,0.0003333333333333,0.0,0.0,0,1,0,0
"GACTCCTCCCGACGGCTGCT","GA-----------------T",8.333333333333333e-05,0.0,0.0003333333333333,0.0,0.0,0,1,0,0
"GACTCCTCCCGACGGCTGCT","GACTCCT-------GCTTCT",8.333333333333333e-05,0.0,0.0,0.0003333333333333,0.0,0,0,1,0
"GACTCCTCCCGACGGCTGCT","GACTCCT-------GCTGCT",8.333333333333333e-05,0.0,0.0,0.0003333333333333,0.0,0,0,1,0
"GACTCCTCCCGACGGCTGCT","GATTCCTCCC----------",8.333333333333333e-05,0.0,0.0,0.0003333333333333,0.0,0,0,1,0
"GACTCCTCCCGACGGCTGCT","GACTCCT-----CTGCTGCT",8.333333333333333e-05,0.0,0.0,0.0,0.0003333333333333,0,0,0,1
"GACTCCTCCCGACGGCTGCT","GCCTCCTCC-GACGGCTGCT",8.333333333333333e-05,0.0,0.0,0.0003333333333333,0.0,0,0,1,0
"GACTCCTCCCGACGGCTGCT","GACTCCT--------CTGCA",8.333333333333333e-05,0.0,0.0,0.0003333333333333,0.0,0,0,1,0
"GACTCCTCCCGACGGCTGCT","G-----------CGTCTGCT",8.333333333333333e-05,0.0,0.0,0.0003333333333333,0.0,0,0,1,0
"GACTCCTCCCGACGGCTGCT","G-----------CGTCTTCT",8.333333333333333e-05,0.0,0.0003333333333333,0.0,0.0,0,1,0,0
"GACTCCTCCCGACGGCTGCT","GACTCCTC--TACGGCTGCT",8.333333333333333e-05,0.0,0.0,0.0,0.0003333333333333,0,0,0,1
"GACTCCTCCCGACGGCTGCT","GACTCCT-----CGTCTGCT",8.333333333333333e-05,0.0003333333333333,0.0,0.0,0.0,1,0,0,0
"GACTCCTCCCGACGGCTGCT","GACTCCTC------GCTGCT",8.333333333333333e-05,0.0003333333333333,0.0,0.0,0.0,1,0,0,0
"GACTCCTCCCGACGGCTGCT","GACTCCTC--GACTGCTGCT",8.333333333333333e-05,0.0,0.0,0.0,0.0003333333333333,0,0,0,1
"GACTCCTCCCGACGGCTGCT","G---------GACGGCTGCT",8.333333333333333e-05,0.0003333333333333,0.0,0.0,0.0,1,0,0,0
"GACTCCTCCCGACGGCTGCT","GACTCCTC--GACGGCTGCC",8.333333333333333e-05,0.0,0.0,0.0,0.0003333333333333,0,0,0,1
"GACTCCTCCC-GACGGCTGCT","CACTCCTCCCAGACGGCTGCT",8.333333333333333e-05,0.0,0.0,0.0003333333333333,0.0,0,0,1,0
"GACTCCTCCC-GACGGCTGCT","GACTCCTCCCTGACGGCCTCT",8.333333333333333e-05,0.0003333333333333,0.0,0.0,0.0,1,0,0,0
"GACTCCTCCCGACGGCTGCT","GACTCCTCCC-TTGGCTGCT",8.333333333333333e-05,0.0,0.0,0.0,0.0003333333333333,0,0,0,1
"GACTCCTCCCGACGGCTGCT","GACTC-------------CT",8.333333333333333e-05,0.0,0.0003333333333333,0.0,0.0,0,1,0,0
"GACTCCTCCCGACGGCTGCT","GACTCCT----ACGTCTGCT",8.333333333333333e-05,0.0,0.0,0.0003333333333333,0.0,0,0,1,0
"GACTCCTCCCGACGGCTGCT","GACTCCTA--GACGGCTGCT",8.333333333333333e-05,0.0,0.0,0.0,0.0003333333333333,0,0,0,1
"GACTCCTCCCGACGGCTGCT","GACTCCTCA-GACGGCTGCT",8.333333333333333e-05,0.0,0.0,0.0003333333333333,0.0,0,0,1,0
"GACTCCTCCCGACGGCTGCT","GACTCCTCC-----------",8.333333333333333e-05,0.0003333333333333,0.0,0.0,0.0,1,0,0,0
"GACTCCTCCC-----GACGGCTGCT","GACTCCTCCAAGACAGACGGCTGAT",8.333333333333333e-05,0.0,0.0003333333333333,0.0,0.0,0,1,0,0
"GACTCCTCCCGACGGCTGCT","GACTCCTCCC-AAGCCTGCT",8.333333333333333e-05,0.0,0.0,0.0,0.0003333333333333,0,0,0,1
"GACTCCTCCCGACGGCTGCT","GACTCCTCCC-ACAGCTGCT",8.333333333333333e-05,0.0003333333333333,0.0,0.0,0.0,1,0,0,0
"GACTCCTCCCGACGGCTGCT","GACTCCTCC---CAGCTGCT",8.333333333333333e-05,0.0003333333333333,0.0,0.0,0.0,1,0,0,0
"GACTCCTCCCGACGGCTGCT","GACTCCTCCC-----AGGCT",8.333333333333333e-05,0.0,0.0003333333333333,0.0,0.0,0,1,0,0
"GACTCCTCCC----GACGGCTGCT","GACTCCTCCCATTTGACGGCTGCT",8.333333333333333e-05,0.0,0.0,0.0,0.0003333333333333,0,0,0,1
"GACTCCTCCC-GACGGCTGCT","GACTCCTCCCCCACGGCTGCT",8.333333333333333e-05,0.0,0.0,0.0,0.0003333333333333,0,0,0,1
"GACTCCTCCC-GACGGCTGCT","GACTCCTCCCCGGCGGCTGCT",8.333333333333333e-05,0.0003333333333333,0.0,0.0,0.0,1,0,0,0
"GACTCCTCCCGACGGCTGCT","GACTCCTCCC-----CGGCT",8.333333333333333e-05,0.0,0.0,0.0003333333333333,0.0,0,0,1,0
"GACTCCTCCCGACGGCTGCT","GACTCCTCCC--CGGCTGCG",8.333333333333333e-05,0.0003333333333333,0.0,0.0,0.0,1,0,0,0
"GACTCCTCCCGACGGCTGCT","GACTCCTCCC-----CTCCT",8.333333333333333e-05,0.0,0.0003333333333333,0.0,0.0,0,1,0,0
"GACTCCTCCC-----GACGGCTGCT","GACTCCTCCCGAACCGACGGCTGCT",8.333333333333333e-05,0.0,0.0,0.0,0.0003333333333333,0,0,0,1
"GACTCCTCCC-----GACGGCTGCT","GACTCCTCCCGAAGAGACGGCTGCT",8.333333333333333e-05,0.0003333333333333,0.0,0.0,0.0,1,0,0,0
"GACTCCTCCC----GACGGCTGCT","GACTCCTCCCGACAGACGGCTGCT",8.333333333333333e-05,0.0003333333333333,0.0,0.0,0.0,1,0,0,0
"GACTCCTCCCGACGGCTGCT","GACTCCTCCCGACAGCTGCT",8.333333333333333e-05,0.0,0.0,0.0,0.0003333333333333,0,0,0,1
"GACTCCTCCCGACGGCTGCT","GACTCCT----ACGGATGCT",8.333333333333333e-05,0.0,0.0003333333333333,0.0,0.0,0,1,0,0
"GACTCCTCCCGACGGCTGCT","GACTCCCCC------CTGCT",8.333333333333333e-05,0.0,0.0003333333333333,0.0,0.0,0,1,0,0
"GACTCCTCCC------GACGGCTGCT","GACTCCTCCCGACGAAGACGGCTGCT",8.333333333333333e-05,0.0,0.0,0.0,0.0003333333333333,0,0,0,1
"GACTCCTCCC-GACGGCTGCT","GACTCCCCCCTGACGGCTGCT",8.333333333333333e-05,0.0,0.0,0.0003333333333333,0.0,0,0,1,0
"GACTCCTCCC-GACGGCTGCT","CACTCCTCCCTGACGGCTGCA",8.333333333333333e-05,0.0,0.0,0.0003333333333333,0.0,0,0,1,0
"GACTCCTCCC-GACGGCTGCT","CACTCCTCCCTGACGGCTGCC",8.333333333333333e-05,0.0,0.0,0.0003333333333333,0.0,0,0,1,0
"GACTCCTCCCGACGGCTGCT","CACTCCTCCC--TGGCTGCT",8.333333333333333e-05,0.0,0.0,0.0003333333333333,0.0,0,0,1,0
"GACTCCTCCCGACGGCTGCT","------------CGGCCCCC",8.333333333333333e-05,0.0,0.0003333333333333,0.0,0.0,0,1,0,0
"GACTCCTCCCGACGGCTGCT","------------CGGCTGAT",8.333333333333333e-05,0.0,0.0,0.0,0.0003333333333333,0,0,0,1
"GACTCCTCCCGACGGCTGCT","GAATCCTCCC--------TT",8.333333333333333e-05,0.0003333333333333,0.0,0.0,0.0,1,0,0,0
"GACTCCTCCCGACGGCTGCT","GAC-----------------",8.333333333333333e-05,0.0,0.0,0.0,0.0003333333333333,0,0,0,1
"GACTCCTCCCGACGGCTGCT","GACA------GACGGCTGCT",8.333333333333333e-05,0.0,0.0,0.0,0.0003333333333333,0,0,0,1
"GACTCCTCCCGACGGCTGCT","GACCCCTCCC----TCTGCT",8.333333333333333e-05,0.0,0.0,0.0,0.0003333333333333,0,0,0,1
"GACTCCTCCC--GACGGCTGCT","GACCCCTCCCTTGACGGCTGCT",8.333333333333333e-05,0.0,0.0,0.0003333333333333,0.0,0,0,1,0
"GACTCCTCCCGACGGCTGCT","GAC------------CTGCT",8.333333333333333e-05,0.0,0.0,0.0003333333333333,0.0,0,0,1,0
"GACTCCTCCC-GACGGCTGCT","GACGCCTCCCTGACGGCTGCT",8.333333333333333e-05,0.0,0.0003333333333333,0.0,0.0,0,1,0,0
"GACTCCTCCCGACGGCTGCT","GACG------GACGGCTGCT",8.333333333333333e-05,0.0,0.0003333333333333,0.0,0.0,0,1,0,0
"GACTCCTCCCGACGGCTGCT","GACT-------ACGGCTGCT",8.333333333333333e-05,0.0,0.0,0.0003333333333333,0.0,0,0,1,0
"GACTCCTCCCGACGGCTGCT","GACTACTCC---CGGCTGCT",8.333333333333333e-05,0.0003333333333333,0.0,0.0,0.0,1,0,0,0
"GACTCCTCCCGACGGCTGCT","GACTACTCC------CTGCT",8.333333333333333e-05,0.0,0.0003333333333333,0.0,0.0,0,1,0,0
"GACTCCTCCC-GACGGCTGCT","GACTCATACATGACGGCTGCT",8.333333333333333e-05,0.0,0.0,0.0003333333333333,0.0,0,0,1,0
"GACTCCTCCCGACGGCTGCT","GACTCATCC---------CT",8.333333333333333e-05,0.0,0.0,0.0,0.0003333333333333,0,0,0,1
"GACTCCTCCCGACGGCTGCT","GACTCCCCCC-ACGGCTGCT",8.333333333333333e-05,0.0,0.0003333333333333,0.0,0.0,0,1,0,0
"GACTCCTCCC-----GACGGCTGCT","GACTCCTCCCGACCCGACGGCTGCT",8.333333333333333e-05,0.0003333333333333,0.0,0.0,0.0,1,0,0,0
"GACTCCTCCC------GACGGCTGCT","GACTCCTCCCGACGAAGACGTCTGCT",8.333333333333333e-05,0.0,0.0003333333333333,0.0,0.0,0,1,0,0
"GACTCCTCCC-GACGGCTGCT","GACTCCTCCCTTGCGGCTGCT",8.333333333333333e-05,0.0003333333333333,0.0,0.0,0.0,1,0,0,0
"GACTCCTCCCGACGGCTGCT","GACTCCTCCC-TCGGCGTCT",8.333333333333333e-05,0.0,0.0,0.0003333333333333,0.0,0,0,1,0
"GACTCCTCCCGACGGCTGCT","GACTCCTCCC-TCGTCTGCT",8.333333333333333e-05,0.0,0.0003333333333333,0.0,0.0,0,1,0,0
"GACTCCTCCC-GACGGCTGCT","GACTCCTCCCTGACGGCCGCC",8.333333333333333e-05,0.0,0.0,0.0003333333333333,0.0,0,0,1,0
"GACTCCTCCC-GACGGCTGCT","GACTCCTCCCTGACGGCTGCG",8.333333333333333e-05,0.0,0.0003333333333333,0.0,0.0,0,1,0,0
"GACTCCTCCC-GACGGCTGCT","GACTCCTCCCTGACGTCTGCT",8.333333333333333e-05,0.0003333333333333,0.0,0.0,0.0,1,0,0,0
"GACTCCTCCC---GACGGCTGCT","GACTCCTCCCTGAGACGGCTGCT",8.333333333333333e-05,0.0003333333333333,0.0,0.0,0.0,1,0,0,0
"GACTCCTCCC-GACGGCTGCT","GACTCCTCCCTGAGGGCTGCT",8.333333333333333e-05,0.0003333333333333,0.0,0.0,0.0,1,0,0,0
"GACTCCTCCC-GACGGCTGCT","GACTCCTCCCTGCCGGCTTCT",8.333333333333333e-05,0.0,0.0,0.0,0.0003333333333333,0,0,0,1
"GACTCCTCCC-----GACGGCTGCT","GACTCCTCCCTGGACGACGGCTGCT",8.333333333333333e-05,0.0003333333333333,0.0,0.0,0.0,1,0,0,0
"GACTCCTCCC----GACGGCTGCT","GACTCCTCCCTGGAGACGGCTGCT",8.333333333333333e-05,0.0,0.0,0.0003333333333333,0.0,0,0,1,0
"GACTCCTCCC--GACGGCTGCT","GACTCCTCCCTGGCCGGCTGCT",8.333333333333333e-05,0.0,0.0,0.0003333333333333,0.0,0,0,1,0
"GACTCCTCCC-GACGGCTGCT","GACTCCTCCCTGGCGGCTGCT",8.333333333333333e-05,0.0,0.0003333333333333,0.0,0.0,0,1,0,0
"GACTCCTCCCGACGGCTGCT","GACTCCTCCC-TGGGCTGCT",8.333333333333333e-05,0.0,0.0,0.0,0.0003333333333333,0,0,0,1
"GACTCCTCCC---GACGGCTGCT","GACTCCTCCCTGTGACGGCTGCT",8.333333333333333e-05,0.0003333333333333,0.0,0.0,0.0,1,0,0,0
"GACTCCTCCC-----GACGGCTGCT","GACTCCTCCCTGTGTGACGGCTGCT",8.333333333333333e-05,0.0003333333333333,0.0,0.0,0.0,1,0,0,0
"GACTCCTCCC----GACGGCTGCT","GACTCCTCCCTTCAGACGGCTGCT",8.333333333333333e-05,0.0,0.0,0.0,0.0003333333333333,0,0,0,1
"GACTCCTCCC-GACGGCTGCT","GACTCCTCCCTTCCGGCTGCT",8.333333333333333e-05,0.0003333333333333,0.0,0.0,0.0,1,0,0,0
"GACTCCTCCCGACGGCTGCT","GACTCCTCCCTTCGGCTGCT",8.333333333333333e-05,0.0003333333333333,0.0,0.0,0.0,1,0,0,0
"GACTCCTCCC------GACGGCTGCT","GACTCCTCCCTTCTCCGACGGCTGCT",8.333333333333333e-05,0.0,0.0,0.0003333333333333,0.0,0,0,1,0
"GACTCCTCCCGACGGCTGCT","GACTCCTCCC-----TTGCA",8.333333333333333e-05,0.0,0.0003333333333333,0.0,0.0,0,1,0,0
"GACTCCTCCC-------GACGGCTGCT","GACTCCTCCCTCGTCATGACGGCTGCT",8.333333333333333e-05,0.0,0.0,0.0,0.0003333333333333,0,0,0,1
"GACTCCTCCC--GACGGCTGCT","GACTCCTCCCTCCTCGGCTGCT",8.333333333333333e-05,0.0,0.0,0.0,0.0003333333333333,0,0,0,1
"GACTCCTCCC------GACGGCTGCT","GACTCCTCCCGACGCAGACGGCTGCT",8.333333333333333e-05,0.0003333333333333,0.0,0.0,0.0,1,0,0,0
"GACTCCTCCCGACGGCTGCT","GACTCCTCCCTCCGGCTGCT",8.333333333333333e-05,0.0,0.0003333333333333,0.0,0.0,0,1,0,0
"GACTCCTCCC-------------GACGGCTGCT","GACTCCTCCCGACGCCGATTTTAGACGGCTGCT",8.333333333333333e-05,0.0,0.0003333333333333,0.0,0.0,0,1,0,0
"GACTCCTCCC-------GACGGCTGCT","GACTCCTCCCGACGGCAGACGGCTGCT",8.333333333333333e-05,0.0,0.0003333333333333,0.0,0.0,0,1,0,0
"GACTCCTCCCGACGGCTGCT","GACTCCTCCCGACGGCTCCT",8.333333333333333e-05,0.0003333333333333,0.0,0.0,0.0,1,0,0,0
"GACTCCTCCCGACGGCTGCT","GACTCCTCCCGACGGCTGGT",8.333333333333333e-05,0.0,0.0,0.0,0.0003333333333333,0,0,0,1
"GACTCCTCCCGACGGCTGCT","GACTCCTCCCGACGGCTGTT",8.333333333333333e-05,0.0,0.0003333333333333,0.0,0.0,0,1,0,0
"GACTCCTCCCGACGGCTGCT","GACTCCTCCCGACGGCTTCT",8.333333333333333e-05,0.0,0.0003333333333333,0.0,0.0,0,1,0,0
"GACTCCTCCCGACGGCTGCT","GACTCCTCCCGCCGGCTGCT",8.333333333333333e-05,0.0,0.0,0.0,0.0003333333333333,0,0,0,1
"GACTCCTCCC-----GACGGCTGCT","GACTCCTCCCGCGCAGACGGCTGCT",8.333333333333333e-05,0.0003333333333333,0.0,0.0,0.0,1,0,0,0
"GACTCCTCCCGACGGCTGCT","GACTCCTCC---CGGATGCT",8.333333333333333e-05,0.0,0.0,0.0003333333333333,0.0,0,0,1,0
"GACTCCTCCC-GACGGCTGCT","GACTCCTCCCGGCCGGCTGCT",8.333333333333333e-05,0.0003333333333333,0.0,0.0,0.0,1,0,0,0
"GACTCCTCCCGACGGCTGCT","GACTCCTCCCGGCGGCTGCT",8.333333333333333e-05,0.0,0.0,0.0,0.0003333333333333,0,0,0,1
"GACTCCTCCC-GACGGCTGCT","GACTCCTCCCTAACGGCTGCT",8.333333333333333e-05,0.0,0.0003333333333333,0.0,0.0,0,1,0,0
"GACTCCTCCC-------GACGGCTGCT","GACTCCTCCCTAAGGATGACGGCTGCT",8.333333333333333e-05,0.0,0.0003333333333333,0.0,0.0,0,1,0,0
"GACTCCTCCCGACGGCTGCT","GACTCCTCCCTACGGCTACT",8.333333333333333e-05,0.0,0.0,0.0,0.0003333333333333,0,0,0,1
"GACTCCTCCCGACGGCTGCT","GACTCCTCCCTACGGCTTCC",8.333333333333333e-05,0.0,0.0,0.0,0.0003333333333333,0,0,0,1
"GACTCCTCCCGACGGCTGCT","GACTCCTCCCTACGTCTGCT",8.333333333333333e-05,0.0,0.0003333333333333,0.0,0.0,0,1,0,0
"GACTCCTCCC----------GACGGCTGCT","GACTCCTCCCTCATCGTCATTACGGCTGCT",8.333333333333333e-05,0.0003333333333333,0.0,0.0,0.0,1,0,0,0
"GACTCCTCCC-GACGGCTGCT","GACTCCTCCCTCCCGGCTGCT",8.333333333333333e-05,0.0,0.0,0.0,0.0003333333333333,0,0,0,1
"GACTCCTCCCGACGGCTGCT","GACTCCTCCC-TCCGCTGCT",8.333333333333333e-05,0.0003333333333333,0.0,0.0,0.0,1,0,0,0
"GACTCCTCCCGACGGCTGCT","-------------TGCTGCT",8.333333333333333e-05,0.0,0.0,0.0003333333333333,0.0,0,0,1,0
