"ref_align","read_align","freq_mean","freq_Sense_R1_1","freq_Sense_R1_2","freq_Sense_R1_3","freq_Sense_R1_4","count_Sense_R1_1","count_Sense_R1_2","count_Sense_R1_3","count_Sense_R1_4"
"GACTCCTCCC-GACGGCTGCT","GACTCCTCCCTGACGGCTGCT",0.2645833333333312,0.24233333333333099,0.2756666666666648,0.2726666666666641,0.2676666666666639,727,827,818,803
"GACTCCTCCCGACGGCTGCT","GACTCCTCCCGACGGCTGCT",0.0604999999999992,0.0529999999999993,0.0629999999999991,0.0583333333333326,0.0676666666666655,159,189,175,203
"GACTCCTCCCGACGGCTGCT","GACTCCTCCC-ACGGCTGCT",0.0114999999999999,0.0149999999999996,0.0069999999999998,0.0136666666666662,0.010333333333333,45,21,41,31
"GACTCCTCCCGACGGCTGCT","GACTCCTCC-GACGGCTGCT",0.0101666666666666,0.0119999999999998,0.0106666666666666,0.009333333333333,0.0086666666666665,36,32,28,26
"GACTCCTCCCGACGGCTGCT","GACTCCTCC---CGGCTGCT",0.008999999999999933,0.0099999999999998,0.0089999999999999,0.0103333333333332,0.0066666666666665,30,27,31,20
"GACTCCTCCCGACGGCTGCT","GACTCCTCCC--CGGCTGCT",0.008583333333333,0.0063333333333332,0.0083333333333331,0.0099999999999997,0.0096666666666664,19,25,30,29
"GACTCCTCCCGACGGCTGCT","GACTCCTCCC-----CTGCT",0.0039166666666665,0.0039999999999999,0.0056666666666664,0.0026666666666666002,0.0033333333333333,12,17,8,10
"GACTCCTCCC--GACGGCTGCT","GACTCCTCCCTTGACGGCTGCT",0.0035833333333332665,0.0033333333333333,0.0036666666666666002,0.0039999999999999,0.0033333333333333,10,11,12,10
"GACTCCTCCCGACGGCTGCT","GACTCCTC--GACGGCTGCT",0.0034166666666666,0.0016666666666666,0.0033333333333331995,0.0033333333333333,0.0053333333333331,5,10,10,16
"GACTCCTCCCGACGGCTGCT","GACTCCTCC------CTGCT",0.0034166666666665,0.0036666666666666,0.0043333333333331996,0.0029999999999999,0.0026666666666666,11,13,9,8
"GACTCCTCCCGACGGCTGCT","GACTCCTC----CGGCTGCT",0.0032499999999998667,0.0023333333333333,0.0029999999999999,0.0039999999999999,0.0036666666666664996,7,9,12,11
"GACTCCTCCCGACGGCTGCT","GACTCCTCC--ACGGCTGCT",0.0030833333333332665,0.0026666666666666002,0.0036666666666665,0.0019999999999999,0.0039999999999999,8,11,6,12
"GACTCCTCCC-GACGGCTGCT","GACTCCTCCCAGACGGCTGCT",0.002833333333333333,0.0033333333333333,0.0023333333333333,0.0029999999999999,0.0026666666666666,10,7,9,8
"GACTCCTCCCGACGGCTGCT","------------CGGCTGCT",0.0025833333333333333,0.0023333333333333,0.0036666666666666002,0.001,0.0033333333333332,7,11,3,10
"GACTCCTCCC--GACGGCTGCT","GACTCCTCCCTAGACGGCTGCT",0.0024999999999999667,0.0016666666666666,0.0036666666666666,0.0023333333333333,0.0023333333333332,5,11,7,7
"GACTCCTCCCGACGGCTGCT","GACTCC----GACGGCTGCT",0.00225,0.0013333333333333,0.002,0.0013333333333332,0.0043333333333332,4,6,4,13
"GACTCCTCCC--GACGGCTGCT","GACTCCTCCCTGGACGGCTGCT",0.002166666666666633,0.003,0.0016666666666666,0.0019999999999999,0.002,9,5,6,6
"GACTCCTCCCGACGGCTGCT","-------------GGCTGCT",0.0021666666666665664,0.0033333333333331995,0.0016666666666665998,0.0016666666666665998,0.002,10,5,5,6
"GACTCCTCCCGACGGCTGCT","GACTCCTC-------CTGCT",0.0020833333333333,0.0023333333333333,0.0019999999999999,0.0036666666666665,0.0003333333333333,7,6,11,1
"GACTCCTCCCGACGGCTGCT","GACTCCTCC---------CT",0.0019999999999999333,0.001,0.0026666666666665,0.0016666666666665998,0.0026666666666665,3,8,5,8
"GACTCCTCCCGACGGCTGCT","----------------TGCT",0.0019166666666665666,0.0016666666666666,0.0023333333333332,0.0023333333333333,0.0013333333333333001,5,7,7,4
"GACTCCTCCCGACGGCTGCT","GACTCCT---GACGGCTGCT",0.0016666666666666,0.0013333333333333,0.0006666666666666,0.0033333333333331995,0.0013333333333333,4,2,10,4
"GACTCCTCCCGACGGCTGCT","GACTCCTCCC----GCTGCT",0.0013333333333333,0.0009999999999998998,0.0016666666666665,0.0013333333333332,0.0013333333333332,3,5,4,4
"GACTCCTCCCGACGGCTGCT","GACTCCT-----CGGCTGCT",0.0012499999999999335,0.0013333333333332,0.0013333333333333,0.0009999999999998998,0.0013333333333333001,4,4,3,4
"GACTCCTCCCGACGGCTGCT","-----------------GCT",0.001,0.0003333333333333,0.0013333333333333,0.001,0.0013333333333333,1,4,3,4
"GACTCCTCCCGACGGCTGCT","GACTC-------CGGCTGCT",0.0009999999999999332,0.001,0.0016666666666666,0.0009999999999998998,0.0003333333333333,3,5,3,1
"GACTCCTCCCGACGGCTGCT","GACTCCT----ACGGCTGCT",0.0008333333333332667,0.0009999999999998998,0.0006666666666666,0.0006666666666666,0.0009999999999998998,3,2,2,3
"GACTCCTCCCGACGGCTGCT","GACTCCTCCC----------",0.0008333333333332666,0.0003333333333333,0.0006666666666666,0.0009999999999998998,0.0013333333333333,1,2,3,4
"GACTCCTCCCGACGGCTGCT","GACTCC------CGGCTGCT",0.0008333333333332666,0.0009999999999998998,0.0006666666666666,0.0016666666666665998,0.0,3,2,5,0
"GACTCCTCCCGACGGCTGCT","GACTCCT------GGCTGCT",0.0006666666666666666,0.0009999999999998998,0.0003333333333333,0.0013333333333333001,0.0,3,1,4,0
"GACTCCTCCC-GACGGCTGCT","GACTCCTCCCCGACGGCTGCT",0.0006666666666666666,0.0006666666666666,0.0006666666666666,0.0006666666666666,0.0006666666666666,2,2,2,2
"GACTCCTCCCGACGGCTGCT","GACTCCTCCC--------CT",0.0006666666666665667,0.0006666666666666,0.0006666666666666,0.0003333333333333,0.0009999999999998998,2,2,1,3
"GACTCCTCCCGACGGCTGCT","GACTC----------CTGCT",0.0005833333333333334,0.0009999999999998998,0.0006666666666666,0.0006666666666666,0.0,3,2,2,0
"GACTCCTCCCGACGGCTGCT","GAC-------GACGGCTGCT",0.0005833333333333,0.0,0.0003333333333333,0.0009999999999998998,0.0009999999999998998,0,1,3,3
"GACTCCTCCCGACGGCTGCT","GACTCCTC---ACGGCTGCT",0.0005833333333332667,0.0003333333333333,0.001,0.0006666666666666,0.0003333333333333,1,3,2,1
"GACTCCTCCCGACGGCTGCT","GACTCCTCCC-------GCT",0.0005833333333332667,0.001,0.0009999999999998998,0.0003333333333333,0.0,3,3,1,0
"GACTCCTCCC--GACGGCTGCT","GACTCCTCCCTCGACGGCTGCT",0.0005833333333332667,0.0003333333333333,0.0006666666666666,0.0009999999999998998,0.0003333333333333,1,2,3,1
"GACTCCTCCC--GACGGCTGCT","GACTCCTCCCGAGACGGCTGCT",0.0005,0.001,0.0006666666666666,0.0,0.0003333333333333,3,2,0,1
"GACTCCTCCCGACGGCTGCT","GACTC-----GACGGCTGCT",0.0004999999999999333,0.0013333333333333001,0.0003333333333333,0.0,0.0003333333333333,4,1,0,1
"GACTCCTCCC-GACGGCTGCT","GACTCCTCCCGGACGGCTGCT",0.00041666666666666664,0.0009999999999998998,0.0006666666666666,0.0,0.0,3,2,0,0
"GACTCCTCCCGACGGCTGCT","GACT------GACGGCTGCT",0.00041666666666666664,0.0,0.0009999999999998998,0.0003333333333333,0.0003333333333333,0,3,1,1
"GACTCCTCCCGACGGCTGCT","GACTCCT--------CTGCT",0.0004166666666666333,0.0003333333333333,0.0,0.0006666666666666,0.0006666666666666,1,0,2,2
"GACTCCTCCCGACGGCTGCT","GACTCC-----ACGGCTGCT",0.0004166666666666333,0.0006666666666666,0.0003333333333333,0.0006666666666666,0.0,2,1,2,0
"GACTCCTCCCGACGGCTGCT","GACT--------CGGCTGCT",0.0003333333333333333,0.0,0.0,0.0013333333333333001,0.0,0,0,4,0
"GACTCCTCCCGACGGCTGCT","G-----------CGGCTGCT",0.0003333333333333333,0.0,0.0003333333333333,0.0006666666666666,0.0003333333333333,0,1,2,1
"GACTCCTCCCGACGGCTGCT","GACTCCT---------TGCT",0.0003333333333333,0.0,0.0003333333333333,0.0,0.001,0,1,0,3
"GACTCCTCCCGACGGCTGCT","GA--------GACGGCTGCT",0.0003333333333333,0.0003333333333333,0.0,0.0006666666666666,0.0003333333333333,1,0,2,1
"GACTCCTCCCGACGGCTGCT","G---------------TGCT",0.0003333333333333,0.0,0.0,0.0006666666666666,0.0006666666666666,0,0,2,2
"GACTCCTCCCGACGGCTGCT","GAC---------CGGCTGCT",0.0003333333333333,0.0,0.0006666666666666,0.0003333333333333,0.0003333333333333,0,2,1,1
"GACTCCTCCCGACGGCTGCT","----------GACGGCTGCT",0.0003333333333333,0.0003333333333333,0.0,0.0006666666666666,0.0003333333333333,1,0,2,1
"GACTCCTCCCGACGGCTGCT","GACTCCTC----------CT",0.0003333333333332667,0.0003333333333333,0.0003333333333333,0.0,0.0006666666666666,1,1,0,2
"GACTCCTCCCGACGGCTGCT","GACTC------ACGGCTGCT",0.00025,0.0,0.0003333333333333,0.0,0.0006666666666666,0,1,0,2
"GACTCCTCCCGACGGCTGCT","GACT--------------CT",0.00025,0.0,0.0003333333333333,0.0006666666666666,0.0,0,1,2,0
"GACTCCTCCCGACGGCTGCT","GACTCC-----------GCT",0.00025,0.0003333333333333,0.0,0.0003333333333333,0.0003333333333333,1,0,1,1
"GACTCCTCCC--GACGGCTGCT","GACTCCTCCCCAGACGGCTGCT",0.00025,0.0003333333333333,0.0,0.0,0.0006666666666666,1,0,0,2
"GACTCCTCCCGACGGCTGCT","GACTCC---------CTGCT",0.00025,0.0,0.0003333333333333,0.0,0.0006666666666666,0,1,0,2
"GACTCCTCCC-----GACGGCTGCT","GACTCCTCCCGACGAGACGGCTGCT",0.00025,0.0006666666666666,0.0,0.0003333333333333,0.0,2,0,1,0
"GACTCCTCCCGACGGCTGCT","G----------------GCT",0.00025,0.0003333333333333,0.0003333333333333,0.0003333333333333,0.0,1,1,1,0
"GACTCCTCCCGACGGCTGCT","GA-------------CTGCT",0.00025,0.0006666666666666,0.0,0.0003333333333333,0.0,2,0,1,0
"GACTCCTCCCGACGGCTGCT","GACTCC--------------",0.0002499999999999333,0.0006666666666666,0.0,0.0,0.0003333333333333,2,0,0,1
"GACTCCTCCC-----GACGGCTGCT","GACTCCTCCCTGGAAGACGGCTGCT",0.0002499999999999333,0.0,0.0,0.0003333333333333,0.0006666666666666,0,0,1,2
"GACTCCTCCCGACGGCTGCT","GACTCCTCC-----GCTGCT",0.0002499999999999333,0.0003333333333333,0.0003333333333333,0.0,0.0003333333333333,1,1,0,1
"GACTCCTCCCGACGGCTGCT","G------------GGCTGCT",0.0002499999999999333,0.0003333333333333,0.0,0.0003333333333333,0.0003333333333333,1,0,1,1
"GACTCCTCCCGACGGCTGCT","GA-----------GGCTGCT",0.0002499999999999333,0.0,0.0006666666666666,0.0003333333333333,0.0,0,2,1,0
"GACTCCTCCCGACGGCTGCT","GACTCCT-----------CT",0.00016666666666666666,0.0,0.0,0.0003333333333333,0.0003333333333333,0,0,1,1
"GACTCCTCCC------GACGGCTGCT","GACTCCTCCCGACGAAGACGGCTGCT",0.00016666666666666666,0.0,0.0003333333333333,0.0,0.0003333333333333,0,1,0,1
"GACTCCTCCCGACGGCTGCT","GACTCCT-------GCTGCT",0.00016666666666666666,0.0,0.0,0.0006666666666666,0.0,0,0,2,0
"GACTCCTCCCGACGGCTGCT","GA--------------TGCT",0.0001666666666666,0.0,0.0003333333333333,0.0003333333333333,0.0,0,1,1,0
"GACTCCTCCCGACGGCTGCT","GA----------------CT",0.0001666666666666,0.0006666666666666,0.0,0.0,0.0,2,0,0,0
"GACTCCTCCC--GACGGCTGCT","GACTCCTCCCATGACGGCTGCT",0.0001666666666666,0.0,0.0003333333333333,0.0,0.0003333333333333,0,1,0,1
"GACTCCTCCC-----GACGGCTGCT","GACTCCTCCCTTTTAGACGGCTGCT",0.0001666666666666,0.0,0.0006666666666666,0.0,0.0,0,2,0,0
"GACTCCTCCCGACGGCTGCT","GA---------------GCT",0.0001666666666666,0.0003333333333333,0.0,0.0003333333333333,0.0,1,0,1,0
"GACTCCTCCCGACGGCTGCT","GA-----------------T",8.333333333333333e-05,0.0,0.0003333333333333,0.0,0.0,0,1,0,0
"GACTCCTCCCGACGGCTGCT","GACTCCT------------T",8.333333333333333e-05,0.0,0.0,0.0,0.0003333333333333,0,0,0,1
"GACTCCTCCCGACGGCTGCT","GACTCCTC------GCTGCT",8.333333333333333e-05,0.0003333333333333,0.0,0.0,0.0,1,0,0,0
"GACTCCTCCCGACGGCTGCT","G---------GACGGCTGCT",8.333333333333333e-05,0.0003333333333333,0.0,0.0,0.0,1,0,0,0
"GACTCCTCCC-----GACGGCTGCT","GACTCCTCCCTGTGTGACGGCTGCT",8.333333333333333e-05,0.0003333333333333,0.0,0.0,0.0,1,0,0,0
"GACTCCTCCCGACGGCTGCT","GAC------------CTGCT",8.333333333333333e-05,0.0,0.0,0.0003333333333333,0.0,0,0,1,0
"GACTCCTCCCGACGGCTGCT","GACTCCTCC--------GCT",8.333333333333333e-05,0.0,0.0,0.0,0.0003333333333333,0,0,0,1
"GACTCCTCCC-----GACGGCTGCT","GACTCCTCCCAGACAGACGGCTGCT",8.333333333333333e-05,0.0,0.0003333333333333,0.0,0.0,0,1,0,0
"GACTCCTCCC----GACGGCTGCT","GACTCCTCCCATTTGACGGCTGCT",8.333333333333333e-05,0.0,0.0,0.0,0.0003333333333333,0,0,0,1
"GACTCCTCCCGACGGCTGCT","GACTC-------------CT",8.333333333333333e-05,0.0,0.0003333333333333,0.0,0.0,0,1,0,0
"GACTCCTCCC-----GACGGCTGCT","GACTCCTCCCGAACCGACGGCTGCT",8.333333333333333e-05,0.0,0.0,0.0,0.0003333333333333,0,0,0,1
"GACTCCTCCC-----GACGGCTGCT","GACTCCTCCCGAAGAGACGGCTGCT",8.333333333333333e-05,0.0003333333333333,0.0,0.0,0.0,1,0,0,0
"GACTCCTCCC----GACGGCTGCT","GACTCCTCCCGACAGACGGCTGCT",8.333333333333333e-05,0.0003333333333333,0.0,0.0,0.0,1,0,0,0
"GACTCCTCCC-----GACGGCTGCT","GACTCCTCCCGACCCGACGGCTGCT",8.333333333333333e-05,0.0003333333333333,0.0,0.0,0.0,1,0,0,0
"GACTCCTCCC------GACGGCTGCT","GACTCCTCCCGACGCAGACGGCTGCT",8.333333333333333e-05,0.0003333333333333,0.0,0.0,0.0,1,0,0,0
"GACTCCTCCC-------------GACGGCTGCT","GACTCCTCCCGACGCCGATTTTAGACGGCTGCT",8.333333333333333e-05,0.0,0.0003333333333333,0.0,0.0,0,1,0,0
"GACTCCTCCC-------GACGGCTGCT","GACTCCTCCCGACGGCAGACGGCTGCT",8.333333333333333e-05,0.0,0.0003333333333333,0.0,0.0,0,1,0,0
"GACTCCTCCC--------GACGGCTGCT","GACTCCTCCCGACGTCTCGACGGCTGCT",8.333333333333333e-05,0.0,0.0003333333333333,0.0,0.0,0,1,0,0
"GACTCCTCCC-----GACGGCTGCT","GACTCCTCCCGCGCAGACGGCTGCT",8.333333333333333e-05,0.0003333333333333,0.0,0.0,0.0,1,0,0,0
"GACTCCTCCC-------GACGGCTGCT","GACTCCTCCCTAAGGATGACGGCTGCT",8.333333333333333e-05,0.0,0.0003333333333333,0.0,0.0,0,1,0,0
"GACTCCTCCCGACGGCTGCT","GAC-----------------",8.333333333333333e-05,0.0,0.0,0.0,0.0003333333333333,0,0,0,1
"GACTCCTCCC-------GACGGCTGCT","GACTCCTCCCTCGTCATGACGGCTGCT",8.333333333333333e-05,0.0,0.0,0.0,0.0003333333333333,0,0,0,1
"GACTCCTCCC---GACGGCTGCT","GACTCCTCCCTGAGACGGCTGCT",8.333333333333333e-05,0.0003333333333333,0.0,0.0,0.0,1,0,0,0
"GACTCCTCCC-----GACGGCTGCT","GACTCCTCCCTGGACGACGGCTGCT",8.333333333333333e-05,0.0003333333333333,0.0,0.0,0.0,1,0,0,0
"GACTCCTCCC----GACGGCTGCT","GACTCCTCCCTGGAGACGGCTGCT",8.333333333333333e-05,0.0,0.0,0.0003333333333333,0.0,0,0,1,0
"GACTCCTCCC---GACGGCTGCT","GACTCCTCCCTGTGACGGCTGCT",8.333333333333333e-05,0.0003333333333333,0.0,0.0,0.0,1,0,0,0
"GACTCCTCCCGACGGCTGCT","GACTCCTCC-----------",8.333333333333333e-05,0.0003333333333333,0.0,0.0,0.0,1,0,0,0
"GACTCCTCCC----GACGGCTGCT","GACTCCTCCCTTCAGACGGCTGCT",8.333333333333333e-05,0.0,0.0,0.0,0.0003333333333333,0,0,0,1
"GACTCCTCCC------GACGGCTGCT","GACTCCTCCCTTCTCCGACGGCTGCT",8.333333333333333e-05,0.0,0.0,0.0003333333333333,0.0,0,0,1,0
"GACTCCTCCCGACGGCTGCT","GACT-------ACGGCTGCT",8.333333333333333e-05,0.0,0.0,0.0003333333333333,0.0,0,0,1,0
"GACTCCTCCC------GACGGCTGCT","GACTCCTCCCTTTCATGACGGCTGCT",8.333333333333333e-05,0.0,0.0,0.0,0.0003333333333333,0,0,0,1
"GACTCCTCCC----GACGGCTGCT","GACTCCTCCCTTTTGACGGCTGCT",8.333333333333333e-05,0.0,0.0003333333333333,0.0,0.0,0,1,0,0
"GACTCCTCCC----------GACGGCTGCT","GACTCCTCCCTCATCGTCATGACGGCTGCT",8.333333333333333e-05,0.0003333333333333,0.0,0.0,0.0,1,0,0,0
